{"cameraMode":{"drawMode":0,"name":"Shaded","section":"Shading Mode"},"sceneLighting":false,"audioPlay":false,"sceneViewState":{"showFog":true,"showMaterialUpdate":true,"showSkybox":true,"showFlares":true,"showImageEffects":true,"showParticleSystems":true},"in2DMode":false,"pivot":{"x":-0.6074877381324768,"y":-0.1964121162891388,"z":1.0417304039001465},"rotation":{"x":-0.025980377569794656,"y":0.9634541273117065,"z":-0.24652345478534699,"w":-0.10153580456972122},"size":1.7576391696929932,"orthographic":false}